{
  "top_k": 5,
  "azure_semantic_rerank": true,
  "summary": {
    "mean_overlap": 0.4181818181818182,
    "zero_overlap": 1,
    "full_overlap": 0,
    "mean_spearman": -0.2222222222222222,
    "median_ms_azure": 257.65,
    "median_ms_pgvector": 13.399999999999999
  },
  "rows": [
    {
      "question": "How do I add persistence to a LangGraph graph?",
      "category": "answerable",
      "azure_ids": [
        "8218c931e64c369fb42357e4b9626034",
        "f685dac640d19154575b7beeccbcf565",
        "a7686d6075599953e505ea86a1edb4cb",
        "5874e4a3a9c66c3f9e7e0c4d863633d5",
        "24436b9877fb4dc34131a693aaf92902"
      ],
      "pgvector_ids": [
        "576d14740d97c6a6909dcf2e83dbdea0",
        "ee7f2a248bc5f33362cab3a23e65f999",
        "405e86f89bb46a6857b8012c77ac575f",
        "a5ce183feed0d05f13d77ad320786652",
        "5874e4a3a9c66c3f9e7e0c4d863633d5"
      ],
      "overlap": 0.2,
      "spearman": null,
      "azure_ms": 785.5,
      "pgvector_ms": 6672.5,
      "azure_used_semantic": true,
      "pg_vector_only": 3,
      "pg_text_only": 2,
      "pg_both": 0
    },
    {
      "question": "What is a checkpointer in LangGraph?",
      "category": "answerable",
      "azure_ids": [
        "a5775b6d4304d4946bc521ebc9bacc55",
        "9b4a6de18e520719788cef640f4bc08a",
        "adadb313a75a4557cdee344753838409",
        "0a5aa85c09443f007492356f7bcb2d36",
        "5874e4a3a9c66c3f9e7e0c4d863633d5"
      ],
      "pgvector_ids": [
        "5874e4a3a9c66c3f9e7e0c4d863633d5",
        "bf622aa9b93feaa21186b099e976d881",
        "a5775b6d4304d4946bc521ebc9bacc55",
        "adadb313a75a4557cdee344753838409",
        "f030ecc1f8e7cb041c4f8465da04eddb"
      ],
      "overlap": 0.6,
      "spearman": -0.5,
      "azure_ms": 284.9,
      "pgvector_ms": 97.3,
      "azure_used_semantic": true,
      "pg_vector_only": 2,
      "pg_text_only": 2,
      "pg_both": 1
    },
    {
      "question": "How do I stream output from a LangGraph graph?",
      "category": "answerable",
      "azure_ids": [
        "dee841b781334e454e1ccccbd9799159",
        "9ed069f3e7cf369d2821ba6f29d41310",
        "fa513ab0c9820b72773997b896461f9f",
        "f8fc7e94330048a68914ee7ba1af9b47",
        "c27cdb65dc644e94d829f01d891e15eb"
      ],
      "pgvector_ids": [
        "dee841b781334e454e1ccccbd9799159",
        "933c2bc1de2e09cc2036da528d37b02c",
        "0359867254a9b7a771795874d25d3727",
        "f8fc7e94330048a68914ee7ba1af9b47",
        "10c2ff8d298511e4eafbab7032d8389b"
      ],
      "overlap": 0.4,
      "spearman": 1.0,
      "azure_ms": 289.1,
      "pgvector_ms": 33.8,
      "azure_used_semantic": true,
      "pg_vector_only": 0,
      "pg_text_only": 0,
      "pg_both": 5
    },
    {
      "question": "What is the difference between a node and an edge in LangGraph?",
      "category": "answerable",
      "azure_ids": [
        "572b03e7cdf02f3e5b2af0734230fc66",
        "15968855302b0c647b0a1c11dba0c4b1",
        "686badeb1350d63e2c361c8dcc73c51d",
        "ac886b0c6fa382bb4258586fd489e859",
        "7bfda7c419bb2fa3c4a40104c55f7310"
      ],
      "pgvector_ids": [
        "ac886b0c6fa382bb4258586fd489e859",
        "572b03e7cdf02f3e5b2af0734230fc66",
        "d48137bb33ff0b0af15ec6da7d2ab077",
        "7bfda7c419bb2fa3c4a40104c55f7310",
        "576d14740d97c6a6909dcf2e83dbdea0"
      ],
      "overlap": 0.6,
      "spearman": 0.5,
      "azure_ms": 295.6,
      "pgvector_ms": 25.6,
      "azure_used_semantic": true,
      "pg_vector_only": 2,
      "pg_text_only": 2,
      "pg_both": 1
    },
    {
      "question": "How do subgraphs work in LangGraph?",
      "category": "answerable",
      "azure_ids": [
        "dc945ea6c598cbda8ed5e902c7087c27",
        "babb60dbe250edd76769de39d74c3961",
        "66a46815cf35204e99611bd06ae49bbe",
        "24c7391d9d5576322d55a672dc5f33ad",
        "01cdb83f7fc7edaea752cde4c3a396b1"
      ],
      "pgvector_ids": [
        "66a46815cf35204e99611bd06ae49bbe",
        "babb60dbe250edd76769de39d74c3961",
        "dc945ea6c598cbda8ed5e902c7087c27",
        "a49c510c7bf8ecf7134828e838348377",
        "b0839327cbf00790c0ec55e66f57abdc"
      ],
      "overlap": 0.6,
      "spearman": -1.0,
      "azure_ms": 274.9,
      "pgvector_ms": 16.6,
      "azure_used_semantic": true,
      "pg_vector_only": 3,
      "pg_text_only": 2,
      "pg_both": 0
    },
    {
      "question": "How do I add memory to a LangGraph agent?",
      "category": "answerable",
      "azure_ids": [
        "5a2980551ae65e57fd2ffedfcdbafeac",
        "361cec3ef5e3bd03dbcb11fcb48664c9",
        "933bc7dd31c67e0ca7f78e107623a4d0",
        "9c2b81f4cfddf38ffe7cb6e24e842ba1",
        "01de88720f54e4086ff5b22415b19015"
      ],
      "pgvector_ids": [
        "e5d736d77df114689b3b5ae3d2f222c8",
        "9c2b81f4cfddf38ffe7cb6e24e842ba1",
        "361cec3ef5e3bd03dbcb11fcb48664c9",
        "fa513ab0c9820b72773997b896461f9f",
        "933bc7dd31c67e0ca7f78e107623a4d0"
      ],
      "overlap": 0.6,
      "spearman": -0.5,
      "azure_ms": 248.7,
      "pgvector_ms": 34.6,
      "azure_used_semantic": true,
      "pg_vector_only": 3,
      "pg_text_only": 2,
      "pg_both": 0
    },
    {
      "question": "What are conditional edges in LangGraph?",
      "category": "answerable",
      "azure_ids": [
        "572b03e7cdf02f3e5b2af0734230fc66",
        "047142b6a7bb79e9062ee3f906f9f91d",
        "e7bade67559e8f813ef4a11f4bdb5e76",
        "7cdc8e755c4f31401fa672345f253249",
        "698de5721c6e2efb2f8fdbf08f4996ba"
      ],
      "pgvector_ids": [
        "1501a896e49854a0a5b9dc19e8dc686d",
        "3fef75a38e0d603b1a711228288697c9",
        "5b16dc3de63e5847e9f538eed57a9482",
        "7cdc8e755c4f31401fa672345f253249",
        "d48137bb33ff0b0af15ec6da7d2ab077"
      ],
      "overlap": 0.2,
      "spearman": null,
      "azure_ms": 252.6,
      "pgvector_ms": 12.2,
      "azure_used_semantic": true,
      "pg_vector_only": 1,
      "pg_text_only": 1,
      "pg_both": 3
    },
    {
      "question": "How do I pause a LangGraph run for human input?",
      "category": "answerable",
      "azure_ids": [
        "290de2bcf20c07b6c3d17058b94ed2b5",
        "c40e07a93856abcbf00af603144f2bc2",
        "7a98f4ffddc65e32de0df967bf9e3017",
        "02e2707bf1a1028a3c7060d383af4d0b",
        "86c86bfd57208702b46d1c2184e4f347"
      ],
      "pgvector_ids": [
        "9e2af364582794fd785c86be3eff9c6c",
        "7332263299ce63b21cea514b33532f5b",
        "833fd13a19d1423600654a8b4925ef51",
        "6e3725de0f0ede337e2404d4469c75a7",
        "9ce1b8ac50ac6e310ab79c619a18bebd"
      ],
      "overlap": 0.0,
      "spearman": null,
      "azure_ms": 258.1,
      "pgvector_ms": 17.9,
      "azure_used_semantic": true,
      "pg_vector_only": 2,
      "pg_text_only": 2,
      "pg_both": 1
    },
    {
      "question": "What is LangSmith used for?",
      "category": "answerable",
      "azure_ids": [
        "3e9c3effeaf6a2c00902a6c43bb0de56",
        "547abf58f00ecfa91874a42a8ad87bba",
        "44b0edfa8bf812b11709db4131c5ea9e",
        "ab06c1a94aeb3f40d5d9df96a16951a5",
        "39a822a58ef68a06fd72868f4df69fa6"
      ],
      "pgvector_ids": [
        "ca90b2be307ba2387731de6aa70df16c",
        "921716a8c09029468af5e36385cc8db7",
        "9e460e277a4d2484996dc7211670d319",
        "3e9c3effeaf6a2c00902a6c43bb0de56",
        "b35268f18f9a3cf12b364ee00a8fdabd"
      ],
      "overlap": 0.2,
      "spearman": null,
      "azure_ms": 259.2,
      "pgvector_ms": 89.0,
      "azure_used_semantic": true,
      "pg_vector_only": 2,
      "pg_text_only": 2,
      "pg_both": 1
    },
    {
      "question": "How do I add tracing to a LangChain application?",
      "category": "answerable",
      "azure_ids": [
        "86178f97e88b5a9ed24accde387a1f80",
        "8dc761baeffd9880b90945365cd48dfa",
        "1b131588c28d75c1799bfeab1b3c3d75",
        "411e645f088950093dbe103dca3919e6",
        "24e0a35fd9d9bde4eabd69ce9055f4dd"
      ],