{
  "top_k": 5,
  "azure_semantic_rerank": false,
  "summary": {
    "mean_overlap": 0.4818181818181818,
    "zero_overlap": 0,
    "full_overlap": 0,
    "mean_spearman": 0.5619047619047619,
    "median_ms_azure": 180.65,
    "median_ms_pgvector": 4.300000000000001
  },
  "rows": [
    {
      "question": "How do I add persistence to a LangGraph graph?",
      "category": "answerable",
      "azure_ids": [
        "f34f6c79fd0843526592630555875864",
        "ee7f2a248bc5f33362cab3a23e65f999",
        "405e86f89bb46a6857b8012c77ac575f",
        "8218c931e64c369fb42357e4b9626034",
        "a7686d6075599953e505ea86a1edb4cb"
      ],
      "pgvector_ids": [
        "576d14740d97c6a6909dcf2e83dbdea0",
        "ee7f2a248bc5f33362cab3a23e65f999",
        "405e86f89bb46a6857b8012c77ac575f",
        "a5ce183feed0d05f13d77ad320786652",
        "5874e4a3a9c66c3f9e7e0c4d863633d5"
      ],
      "overlap": 0.4,
      "spearman": 1.0,
      "azure_ms": 561.5,
      "pgvector_ms": 429.4,
      "azure_used_semantic": false,
      "pg_vector_only": 3,
      "pg_text_only": 2,
      "pg_both": 0
    },
    {
      "question": "What is a checkpointer in LangGraph?",
      "category": "answerable",
      "azure_ids": [
        "66a46815cf35204e99611bd06ae49bbe",
        "5874e4a3a9c66c3f9e7e0c4d863633d5",
        "f0261c47f072162392b2310a26a0bc60",
        "6fea7801b878c20b5a6fd79549f6edd6",
        "a5775b6d4304d4946bc521ebc9bacc55"
      ],
      "pgvector_ids": [
        "5874e4a3a9c66c3f9e7e0c4d863633d5",
        "bf622aa9b93feaa21186b099e976d881",
        "a5775b6d4304d4946bc521ebc9bacc55",
        "adadb313a75a4557cdee344753838409",
        "f030ecc1f8e7cb041c4f8465da04eddb"
      ],
      "overlap": 0.4,
      "spearman": 1.0,
      "azure_ms": 215.5,
      "pgvector_ms": 8.0,
      "azure_used_semantic": false,
      "pg_vector_only": 2,
      "pg_text_only": 2,
      "pg_both": 1
    },
    {
      "question": "How do I stream output from a LangGraph graph?",
      "category": "answerable",
      "azure_ids": [
        "933c2bc1de2e09cc2036da528d37b02c",
        "02013daa6fcb58d29ffecb058396c09b",
        "88749267f711e735aaa84a490b5bc216",
        "f877f0739cdcad388a3abb1492f37a09",
        "f8fc7e94330048a68914ee7ba1af9b47"
      ],
      "pgvector_ids": [
        "dee841b781334e454e1ccccbd9799159",
        "933c2bc1de2e09cc2036da528d37b02c",
        "0359867254a9b7a771795874d25d3727",
        "f8fc7e94330048a68914ee7ba1af9b47",
        "10c2ff8d298511e4eafbab7032d8389b"
      ],
      "overlap": 0.4,
      "spearman": 1.0,
      "azure_ms": 186.9,
      "pgvector_ms": 6.1,
      "azure_used_semantic": false,
      "pg_vector_only": 0,
      "pg_text_only": 0,
      "pg_both": 5
    },
    {
      "question": "What is the difference between a node and an edge in LangGraph?",
      "category": "answerable",
      "azure_ids": [
        "572b03e7cdf02f3e5b2af0734230fc66",
        "dc945ea6c598cbda8ed5e902c7087c27",
        "576d14740d97c6a6909dcf2e83dbdea0",
        "7bfda7c419bb2fa3c4a40104c55f7310",
        "73b565abd5b4ca8348386259be218d88"
      ],
      "pgvector_ids": [
        "ac886b0c6fa382bb4258586fd489e859",
        "572b03e7cdf02f3e5b2af0734230fc66",
        "d48137bb33ff0b0af15ec6da7d2ab077",
        "7bfda7c419bb2fa3c4a40104c55f7310",
        "576d14740d97c6a6909dcf2e83dbdea0"
      ],
      "overlap": 0.6,
      "spearman": 0.5,
      "azure_ms": 197.5,
      "pgvector_ms": 5.3,
      "azure_used_semantic": false,
      "pg_vector_only": 2,
      "pg_text_only": 2,
      "pg_both": 1
    },
    {
      "question": "How do subgraphs work in LangGraph?",
      "category": "answerable",
      "azure_ids": [
        "dc945ea6c598cbda8ed5e902c7087c27",
        "babb60dbe250edd76769de39d74c3961",
        "f8fc7e94330048a68914ee7ba1af9b47",
        "01cdb83f7fc7edaea752cde4c3a396b1",
        "b0839327cbf00790c0ec55e66f57abdc"
      ],
      "pgvector_ids": [
        "66a46815cf35204e99611bd06ae49bbe",
        "babb60dbe250edd76769de39d74c3961",
        "dc945ea6c598cbda8ed5e902c7087c27",
        "a49c510c7bf8ecf7134828e838348377",
        "b0839327cbf00790c0ec55e66f57abdc"
      ],
      "overlap": 0.6,
      "spearman": 0.5,
      "azure_ms": 177.0,
      "pgvector_ms": 6.0,
      "azure_used_semantic": false,
      "pg_vector_only": 3,
      "pg_text_only": 2,
      "pg_both": 0
    },
    {
      "question": "How do I add memory to a LangGraph agent?",
      "category": "answerable",
      "azure_ids": [
        "9c2b81f4cfddf38ffe7cb6e24e842ba1",
        "361cec3ef5e3bd03dbcb11fcb48664c9",
        "dc37d8eed7f209a3c5c1ee224bdd1407",
        "5a2980551ae65e57fd2ffedfcdbafeac",
        "6f0d7000725cd7015ffea07ed724b16a"
      ],
      "pgvector_ids": [
        "e5d736d77df114689b3b5ae3d2f222c8",
        "9c2b81f4cfddf38ffe7cb6e24e842ba1",
        "361cec3ef5e3bd03dbcb11fcb48664c9",
        "fa513ab0c9820b72773997b896461f9f",
        "933bc7dd31c67e0ca7f78e107623a4d0"
      ],
      "overlap": 0.4,
      "spearman": 1.0,
      "azure_ms": 180.9,
      "pgvector_ms": 11.1,
      "azure_used_semantic": false,
      "pg_vector_only": 3,
      "pg_text_only": 2,
      "pg_both": 0
    },
    {
      "question": "What are conditional edges in LangGraph?",
      "category": "answerable",
      "azure_ids": [
        "047142b6a7bb79e9062ee3f906f9f91d",
        "1501a896e49854a0a5b9dc19e8dc686d",
        "4c7b5b52475b2bb502e0313c3e49f920",
        "572b03e7cdf02f3e5b2af0734230fc66",
        "f68d05ed5e4fa4304ea08bc24642091c"
      ],
      "pgvector_ids": [
        "1501a896e49854a0a5b9dc19e8dc686d",
        "3fef75a38e0d603b1a711228288697c9",
        "5b16dc3de63e5847e9f538eed57a9482",
        "7cdc8e755c4f31401fa672345f253249",
        "d48137bb33ff0b0af15ec6da7d2ab077"
      ],
      "overlap": 0.2,
      "spearman": null,
      "azure_ms": 159.2,
      "pgvector_ms": 4.4,
      "azure_used_semantic": false,
      "pg_vector_only": 1,
      "pg_text_only": 1,
      "pg_both": 3
    },
    {
      "question": "How do I pause a LangGraph run for human input?",
      "category": "answerable",
      "azure_ids": [
        "9e2af364582794fd785c86be3eff9c6c",
        "833fd13a19d1423600654a8b4925ef51",
        "6e3725de0f0ede337e2404d4469c75a7",
        "7a98f4ffddc65e32de0df967bf9e3017",
        "f7d095befcc13241f4c4430a65104198"
      ],
      "pgvector_ids": [
        "9e2af364582794fd785c86be3eff9c6c",
        "7332263299ce63b21cea514b33532f5b",
        "833fd13a19d1423600654a8b4925ef51",
        "6e3725de0f0ede337e2404d4469c75a7",
        "9ce1b8ac50ac6e310ab79c619a18bebd"
      ],
      "overlap": 0.6,
      "spearman": 1.0,
      "azure_ms": 198.2,
      "pgvector_ms": 5.7,
      "azure_used_semantic": false,
      "pg_vector_only": 2,
      "pg_text_only": 2,
      "pg_both": 1
    },
    {
      "question": "What is LangSmith used for?",
      "category": "answerable",
      "azure_ids": [
        "a383531209f559eebb34682e5da06776",
        "ca90b2be307ba2387731de6aa70df16c",
        "ab06c1a94aeb3f40d5d9df96a16951a5",
        "1d3b8dbcc41b294f88eab5a8d56c3399",
        "9e460e277a4d2484996dc7211670d319"
      ],
      "pgvector_ids": [
        "ca90b2be307ba2387731de6aa70df16c",
        "921716a8c09029468af5e36385cc8db7",
        "9e460e277a4d2484996dc7211670d319",
        "3e9c3effeaf6a2c00902a6c43bb0de56",
        "b35268f18f9a3cf12b364ee00a8fdabd"
      ],
      "overlap": 0.4,
      "spearman": 1.0,
      "azure_ms": 179.7,
      "pgvector_ms": 20.1,
      "azure_used_semantic": false,
      "pg_vector_only": 2,
      "pg_text_only": 2,
      "pg_both": 1
    },
    {
      "question": "How do I add tracing to a LangChain application?",
      "category": "answerable",
      "azure_ids": [
        "1c47613637bbbac7a7bcece662f595fb",
        "62aed9f3999a2964a1c0794bfb6f5744",
        "1b131588c28d75c1799bfeab1b3c3d75",
        "5d0cb33a7a321c19b4376d8a873a3b54",
        "21c760213967ed39676bbdfdbb0abf4a"
      ],